Id,class_0,class_1
00eed32682bb,0.6707272851445075,0.3292727148554925
010ebe33f668,0.6691564846439437,0.3308435153560562
02fa521e1838,0.6707272851445075,0.3292727148554925
040e15f562a2,0.6707272851445075,0.3292727148554925
046e85c7cc7f,0.6707272851445075,0.3292727148554925
